名称,PLC地址,数剧类型,功能
WCS看门狗心跳,DB1001.DBW0,INT,高电平1秒持续，低电平1秒持续，一直循环
WCS-全线启动（系统在线）,DB1001.DBW2,INT,收到数值1，PLC完成动作自动清零
WCS-全线停止,DB1001.DBW4,INT,收到数值1，PLC完成动作自动清零
WCS-故障复位,DB1001.DBW6,INT,收到数值1，PLC完成动作自动清零
码垛A工位产品下发规格,DB1001.DBW8,INT,值为：1-100，每个数字代表一种内置码垛品种代码（每次批次更换码垛前发送一次），目前就9钟
码垛B工位产品下发规格,DB1001.DBW10,INT,值为：1-100，每个数字代表一种内置码垛品种代码（每次批次更换码垛前发送一次）目前就9钟
码垛A工位产品下发托盘已经码垛数量,DB1001.DBW12,INT,值为：拼接托盘时，AGV送过来的托盘上已经有的货物数量
码垛B工位产品下发托盘已经码垛数量,DB1001.DBW14,INT,值为：拼接托盘时，AGV送过来的托盘上已经有的货物数量
码垛A工位允许码垛,DB1001.DBW16,INT,值为：空托、半托已经就位了后，且已经空托扫码成功。上位机写1（写2秒）不允许写0   2秒
码垛B工位允许码垛,DB1001.DBW18,INT,值为：空托、半托已经就位了后，且已经空托扫码成功。上位机写1（写2秒）不允许写0   2秒
码垛A工位尾箱清码垛,DB1001.DBW20,INT,值为：1时表示强制出货，清空码垛数量，WCS写2秒。
码垛B工位尾箱清码垛,DB1001.DBW22,INT,值为：1时表示强制出货，清空码垛数量，WCS写2秒。
手动执行电机编号1,DB1001.DBW24,INT,值为：1000-1015。
手动执行电机编号2,DB1001.DBW26,INT,值为：1000-1015。
手动执行电机编号3,DB1001.DBW28,INT,值为：1000-1015。
手自动动模式切换,DB1001.DBW30,INT,值为：1启动，第二次按下取反为0
手动启动,DB1001.DBW32,INT,值为：1启动，第二次按下取反为0
,DB1001.DBW34,INT,按1松0
上升,DB1001.DBW36,INT,按1松0
下降,DB1001.DBW38,INT,按1松0
